"Data Source","Indicadores del desarrollo mundial",

"Last Updated Date","2025-01-28",

"Country Name","Country Code","Indicator Name","Indicator Code","1960","1961","1962","1963","1964","1965","1966","1967","1968","1969","1970","1971","1972","1973","1974","1975","1976","1977","1978","1979","1980","1981","1982","1983","1984","1985","1986","1987","1988","1989","1990","1991","1992","1993","1994","1995","1996","1997","1998","1999","2000","2001","2002","2003","2004","2005","2006","2007","2008","2009","2010","2011","2012","2013","2014","2015","2016","2017","2018","2019","2020","2021","2022","2023",
"Aruba","ABW","Servidores de Internet seguros","IT.NET.SECR","","","","","","","","","","","","","","","","","","","","","","","","","","","","","","","","","","","","","","","","","","","","","","","","","","","9","13","26","44","59","79","123","103","122","149","169","177","174","150",
"","AFE","Servidores de Internet seguros","IT.NET.SECR","","","","","","","","","","","","","","","","","","","","","","","","","","","","","","","","","","","","","","","","","","","","","","","","","","","","","","","","","","","","","","","","",
"Afganistán","AFG","Servidores de Internet seguros","IT.NET.SECR","","","","","","","","","","","","","","","","","","","","","","","","","","","","","","","","","","","","","","","","","","","","","","","","","","","14","16","38","46","57","74","426","1577","1965","1047","1362","1565","1491","1814",
"","AFW","Servidores de Internet seguros","IT.NET.SECR","","","","","","","","","","","","","","","","","","","","","","","","","","","","","","","","","","","","","","","","","","","","","","","","","","","","","","","","","","","","","","","","",
"Angola","AGO","Servidores de Internet seguros","IT.NET.SECR","","","","","","","","","","","","","","","","","","","","","","","","","","","","","","","","","","","","","","","","","","","","","","","","","","","30","45","80","119","160","227","240","322","345","469","660","904","1302","1478",
"Albania","ALB","Servidores de Internet seguros","IT.NET.SECR","","","","","","","","","","","","","","","","","","","","","","","","","","","","","","","","","","","","","","","","","","","","","","","","","","","12","24","74","103","151","197","416","1273","1508","2190","2511","2778","3076","3351",
"Andorra","AND","Servidores de Internet seguros","IT.NET.SECR","","","","","","","","","","","","","","","","","","","","","","","","","","","","","","","","","","","","","","","","","","","","","","","","","","","58","79","92","79","87","158","219","263","400","1557","751","884","1094","1182",
"El mundo árabe","ARB","Servidores de Internet seguros","IT.NET.SECR","","","","","","","","","","","","","","","","","","","","","","","","","","","","","","","","","","","","","","","","","","","","","","","","","","","","","","","","","","","","","","","","",
"Emiratos Árabes Unidos","ARE","Servidores de Internet seguros","IT.NET.SECR","","","","","","","","","","","","","","","","","","","","","","","","","","","","","","","","","","","","","","","","","","","","","","","","","","","785","1124","2167","2533","3382","5434","8787","12192","14292","18682","13901","24706","16388","22222",
"Argentina","ARG","Servidores de Internet seguros","IT.NET.SECR","","","","","","","","","","","","","","","","","","","","","","","","","","","","","","","","","","","","","","","","","","","","","","","","","","","1028","1404","2643","3117","3837","5317","32040","71731","83320","135647","167248","231834","240087","248239",
"Armenia","ARM","Servidores de Internet seguros","IT.NET.SECR","","","","","","","","","","","","","","","","","","","","","","","","","","","","","","","","","","","","","","","","","","","","","","","","","","","30","54","87","158","182","224","557","799","989","1416","1741","2112","2560","3489",
"Samoa Americana","ASM","Servidores de Internet seguros","IT.NET.SECR","","","","","","","","","","","","","","","","","","","","","","","","","","","","","","","","","","","","","","","","","","","","","","","","","","","3","1","1","0","24","1","10","55","25","19","12","21","17","22",
"Antigua y Barbuda","ATG","Servidores de Internet seguros","IT.NET.SECR","","","","","","","","","","","","","","","","","","","","","","","","","","","","","","","","","","","","","","","","","","","","","","","","","","","60","73","47","65","72","65","76","85","81","87","122","74","77","75",
"Australia","AUS","Servidores de Internet seguros","IT.NET.SECR","","","","","","","","","","","","","","","","","","","","","","","","","","","","","","","","","","","","","","","","","","","","","","","","","","","30906","48509","72472","81067","92461","108937","237318","530042","822020","931399","1022449","1193898","1255844","1268103",
"Austria","AUT","Servidores de Internet seguros","IT.NET.SECR","","","","","","","","","","","","","","","","","","","","","","","","","","","","","","","","","","","","","","","","","","","","","","","","","","","5772","8966","13601","15751","20044","26636","38878","65381","147681","233527","301414","356219","357555","386100",
"Azerbaiyán","AZE","Servidores de Internet seguros","IT.NET.SECR","","","","","","","","","","","","","","","","","","","","","","","","","","","","","","","","","","","","","","","","","","","","","","","","","","","23","45","100","158","219","321","994","2557","3274","3697","3021","4226","5523","5582",
"Burundi","BDI","Servidores de Internet seguros","IT.NET.SECR","","","","","","","","","","","","","","","","","","","","","","","","","","","","","","","","","","","","","","","","","","","","","","","","","","","4","4","4","3","6","8","16","50","67","106","103","82","144","141",
"Bélgica","BEL","Servidores de Internet seguros","IT.NET.SECR","","","","","","","","","","","","","","","","","","","","","","","","","","","","","","","","","","","","","","","","","","","","","","","","","","","4378","6600","10633","14067","18047","22982","34530","94420","159673","225822","279411","328693","360344","396567",
"Benin","BEN","Servidores de Internet seguros","IT.NET.SECR","","","","","","","","","","","","","","","","","","","","","","","","","","","","","","","","","","","","","","","","","","","","","","","","","","","1","3","9","10","11","24","27","47","84","117","226","292","113","175",
"Burkina Faso","BFA","Servidores de Internet seguros","IT.NET.SECR","","","","","","","","","","","","","","","","","","","","","","","","","","","","","","","","","","","","","","","","","","","","","","","","","","","4","4","10","12","13","27","34","37","50","69","125","243","489","520",
"Bangladesh","BGD","Servidores de Internet seguros","IT.NET.SECR","","","","","","","","","","","","","","","","","","","","","","","","","","","","","","","","","","","","","","","","","","","","","","","","","","","30","73","111","146","202","314","3731","10413","18712","16334","23085","38345","55824","66558",
"Bulgaria","BGR","Servidores de Internet seguros","IT.NET.SECR","","","","","","","","","","","","","","","","","","","","","","","","","","","","","","","","","","","","","","","","","","","","","","","","","","","461","745","1839","2343","4589","4880","28821","228612","268524","280691","333361","358557","373809","348789",
"Bahrein","BHR","Servidores de Internet seguros","IT.NET.SECR","","","","","","","","","","","","","","","","","","","","","","","","","","","","","","","","","","","","","","","","","","","","","","","","","","","93","140","271","326","386","450","494","537","582","638","667","5855","7944","8797",
"Bahamas","BHS","Servidores de Internet seguros","IT.NET.SECR","","","","","","","","","","","","","","","","","","","","","","","","","","","","","","","","","","","","","","","","","","","","","","","","","","","130","149","193","228","274","375","398","576","909","618","496","1096","2063","2570",
"Bosnia y Herzegovina","BIH","Servidores de Internet seguros","IT.NET.SECR","","","","","","","","","","","","","","","","","","","","","","","","","","","","","","","","","","","","","","","","","","","","","","","","","","","44","66","122","147","215","282","638","5024","6431","8768","10382","12839","15308","17027",
"Belarús","BLR","Servidores de Internet seguros","IT.NET.SECR","","","","","","","","","","","","","","","","","","","","","","","","","","","","","","","","","","","","","","","","","","","","","","","","","","","48","86","241","366","579","1021","4171","21465","32440","54170","70824","86639","94850","109652",
"Belice","BLZ","Servidores de Internet seguros","IT.NET.SECR","","","","","","","","","","","","","","","","","","","","","","","","","","","","","","","","","","","","","","","","","","","","","","","","","","","69","93","331","351","295","412","559","3007","4442","16465","52225","126410","137901","166783",
"Bermudas","BMU","Servidores de Internet seguros","IT.NET.SECR","","","","","","","","","","","","","","","","","","","","","","","","","","","","","","","","","","","","","","","","","","","","","","","","","","","232","357","433","474","506","528","525","503","521","492","484","399","356","370",
"Bolivia","BOL","Servidores de Internet seguros","IT.NET.SECR","","","","","","","","","","","","","","","","","","","","","","","","","","","","","","","","","","","","","","","","","","","","","","","","","","","58","83","109","150","198","290","418","1226","1478","1987","2452","2919","3333","3999",
"Brasil","BRA","Servidores de Internet seguros","IT.NET.SECR","","","","","","","","","","","","","","","","","","","","","","","","","","","","","","","","","","","","","","","","","","","","","","","","","","","5529","8709","14059","17456","22778","32503","84536","328718","426560","578468","656211","743189","985305","1188440",
"Barbados","BRB","Servidores de Internet seguros","IT.NET.SECR","","","","","","","","","","","","","","","","","","","","","","","","","","","","","","","","","","","","","","","","","","","","","","","","","","","53","70","83","109","136","164","184","220","249","270","298","258","277","299",
"Brunei Darussalam","BRN","Servidores de Internet seguros","IT.NET.SECR","","","","","","","","","","","","","","","","","","","","","","","","","","","","","","","","","","","","","","","","","","","","","","","","","","","16","23","49","61","99","238","257","688","853","4645","6890","6366","9606","4027",
"Bhután","BTN","Servidores de Internet seguros","IT.NET.SECR","","","","","","","","","","","","","","","","","","","","","","","","","","","","","","","","","","","","","","","","","","","","","","","","","","","1","2","8","7","13","14","27","88","134","365","527","633","800","965",
"Botswana","BWA","Servidores de Internet seguros","IT.NET.SECR","","","","","","","","","","","","","","","","","","","","","","","","","","","","","","","","","","","","","","","","","","","","","","","","","","","9","12","20","22","40","75","110","151","301","486","620","805","902","1094",
"República Centroafricana","CAF","Servidores de Internet seguros","IT.NET.SECR","","","","","","","","","","","","","","","","","","","","","","","","","","","","","","","","","","","","","","","","","","","","","","","","","","","","","","0","1","1","1","2","3","5","6","5","10","13",
"Canadá","CAN","Servidores de Internet seguros","IT.NET.SECR","","","","","","","","","","","","","","","","","","","","","","","","","","","","","","","","","","","","","","","","","","","","","","","","","","","43618","56383","74500","82897","95604","120922","369091","970834","1147057","1349486","1515773","1665049","1699682","1706155",
"Europa Central y del Báltico","CEB","Servidores de Internet seguros","IT.NET.SECR","","","","","","","","","","","","","","","","","","","","","","","","","","","","","","","","","","","","","","","","","","","","","","","","","","","","","","","","","","","","","","","","",
"Suiza","CHE","Servidores de Internet seguros","IT.NET.SECR","","","","","","","","","","","","","","","","","","","","","","","","","","","","","","","","","","","","","","","","","","","","","","","","","","","11343","19299","27881","31993","40108","57464","143994","278505","580292","821368","1036600","1221667","1327747","1454404",
"Islas del Canal","CHI","Servidores de Internet seguros","IT.NET.SECR","","","","","","","","","","","","","","","","","","","","","","","","","","","","","","","","","","","","","","","","","","","","","","","","","","","","","","","","","","","","","","","","",
"Chile","CHL","Servidores de Internet seguros","IT.NET.SECR","","","","","","","","","","","","","","","","","","","","","","","","","","","","","","","","","","","","","","","","","","","","","","","","","","","790","1110","1791","2239","2933","4025","22528","134062","151206","208732","246876","247581","226097","241803",
"China","CHN","Servidores de Internet seguros","IT.NET.SECR","","","","","","","","","","","","","","","","","","","","","","","","","","","","","","","","","","","","","","","","","","","","","","","","","","","1604","2631","5100","6999","13314","26989","66054","289923","622142","1027286","1338370","1530873","1860276","2127874",
"Côte d'Ivoire","CIV","Servidores de Internet seguros","IT.NET.SECR","","","","","","","","","","","","","","","","","","","","","","","","","","","","","","","","","","","","","","","","","","","","","","","","","","","11","14","39","54","78","117","144","212","292","1145","1493","1673","2001","1977",
"Camerún","CMR","Servidores de Internet seguros","IT.NET.SECR","","","","","","","","","","","","","","","","","","","","","","","","","","","","","","","","","","","","","","","","","","","","","","","","","","","7","9","19","28","41","52","67","210","137","392","444","470","420","484",
"Congo, República Democrática del","COD","Servidores de Internet seguros","IT.NET.SECR","","","","","","","","","","","","","","","","","","","","","","","","","","","","","","","","","","","","","","","","","","","","","","","","","","","4","5","12","11","26","39","50","208","237","263","345","466","610","934",
"Congo, República del","COG","Servidores de Internet seguros","IT.NET.SECR","","","","","","","","","","","","","","","","","","","","","","","","","","","","","","","","","","","","","","","","","","","","","","","","","","","0","1","8","9","15","18","23","24","32","33","46","60","71","115",
"Colombia","COL","Servidores de Internet seguros","IT.NET.SECR","","","","","","","","","","","","","","","","","","","","","","","","","","","","","","","","","","","","","","","","","","","","","","","","","","","475","680","1401","1923","2571","3389","15415","22640","32338","39298","20646","33071","34646","58030",
"Comoras","COM","Servidores de Internet seguros","IT.NET.SECR","","","","","","","","","","","","","","","","","","","","","","","","","","","","","","","","","","","","","","","","","","","","","","","","","","","0","1","0","1","3","1","47","4","6","6","8","15","22","16",
"Cabo Verde","CPV","Servidores de Internet seguros","IT.NET.SECR","","","","","","","","","","","","","","","","","","","","","","","","","","","","","","","","","","","","","","","","","","","","","","","","","","","12","14","31","32","39","39","60","140","271","302","99","335","404","497",
"Costa Rica","CRI","Servidores de Internet seguros","IT.NET.SECR","","","","","","","","","","","","","","","","","","","","","","","","","","","","","","","","","","","","","","","","","","","","","","","","","","","474","639","767","1294","1463","1517","2400","5749","6029","6614","6722","8708","9619","9990",
"Estados pequeos del Caribe","CSS","Servidores de Internet seguros","IT.NET.SECR","","","","","","","","","","","","","","","","","","","","","","","","","","","","","","","","","","","","","","","","","","","","","","","","","","","","","","","","","","","","","","","","",
"Cuba","CUB","Servidores de Internet seguros","IT.NET.SECR","","","","","","","","","","","","","","","","","","","","","","","","","","","","","","","","","","","","","","","","","","","","","","","","","","","1","0","0","","1","1","32","96","182","401","775","1209","1563","1866",
"Curacao","CUW","Servidores de Internet seguros","IT.NET.SECR","","","","","","","","","","","","","","","","","","","","","","","","","","","","","","","","","","","","","","","","","","","","","","","","","","","0","0","2","202","227","399","465","507","605","647","735","754","760","711",
"Islas Caimán","CYM","Servidores de Internet seguros","IT.NET.SECR","","","","","","","","","","","","","","","","","","","","","","","","","","","","","","","","","","","","","","","","","","","","","","","","","","","95","170","232","225","264","307","327","384","740","1101","2002","404","371","1940",
"Chipre","CYP","Servidores de Internet seguros","IT.NET.SECR","","","","","","","","","","","","","","","","","","","","","","","","","","","","","","","","","","","","","","","","","","","","","","","","","","","307","457","1710","1122","2796","2760","5325","20484","7578","9854","30171","72876","78430","749386",
"República Checa","CZE","Servidores de Internet seguros","IT.NET.SECR","","","","","","","","","","","","","","","","","","","","","","","","","","","","","","","","","","","","","","","","","","","","","","","","","","","3200","4934","8773","11354","14921","21607","126705","269310","450120","599619","723194","797732","913598","870775",
"Alemania","DEU","Servidores de Internet seguros","IT.NET.SECR","","","","","","","","","","","","","","","","","","","","","","","","","","","","","","","","","","","","","","","","","","","","","","","","","","","85810","118157","176527","209774","271517","351083","957300","2825322","4676435","6478761","8109646","9425914","10553940","11657953",
"Djibouti","DJI","Servidores de Internet seguros","IT.NET.SECR","","","","","","","","","","","","","","","","","","","","","","","","","","","","","","","","","","","","","","","","","","","","","","","","","","","4","6","1","4","8","10","11","21","36","44","49","52","63","73",
"Dominica","DMA","Servidores de Internet seguros","IT.NET.SECR","","","","","","","","","","","","","","","","","","","","","","","","","","","","","","","","","","","","","","","","","","","","","","","","","","","3","5","14","12","16","19","382","498","475","705","3378","3704","3956","4424",
"Dinamarca","DNK","Servidores de Internet seguros","IT.NET.SECR","","","","","","","","","","","","","","","","","","","","","","","","","","","","","","","","","","","","","","","","","","","","","","","","","","","8810","13192","17135","19419","24548","34129","137709","252263","713512","1612517","1615776","1520727","1527470","1553715",
"República Dominicana","DOM","Servidores de Internet seguros","IT.NET.SECR","","","","","","","","","","","","","","","","","","","","","","","","","","","","","","","","","","","","","","","","","","","","","","","","","","","115","135","239","270","348","477","970","1032","1293","1215","1375","1581","2059","2453",
"Argelia","DZA","Servidores de Internet seguros","IT.NET.SECR","","","","","","","","","","","","","","","","","","","","","","","","","","","","","","","","","","","","","","","","","","","","","","","","","","","13","18","46","68","94","152","309","2621","2855","2154","2106","2780","3414","4630",
"Asia oriental y el Pacífico (excluido altos ingresos)","EAP","Servidores de Internet seguros","IT.NET.SECR","","","","","","","","","","","","","","","","","","","","","","","","","","","","","","","","","","","","","","","","","","","","","","","","","","","","","","","","","","","","","","","","",
"inicial del dividendo demográfico","EAR","Servidores de Internet seguros","IT.NET.SECR","","","","","","","","","","","","","","","","","","","","","","","","","","","","","","","","","","","","","","","","","","","","","","","","","","","","","","","","","","","","","","","","",
"Asia oriental y el Pacífico","EAS","Servidores de Internet seguros","IT.NET.SECR","","","","","","","","","","","","","","","","","","","","","","","","","","","","","","","","","","","","","","","","","","","","","","","","","","","","","","","","","","","","","","","","",
"Europa y Asia central (excluido altos ingresos)","ECA","Servidores de Internet seguros","IT.NET.SECR","","","","","","","","","","","","","","","","","","","","","","","","","","","","","","","","","","","","","","","","","","","","","","","","","","","","","","","","","","","","","","","","",
"Europa y Asia central","ECS","Servidores de Internet seguros","IT.NET.SECR","","","","","","","","","","","","","","","","","","","","","","","","","","","","","","","","","","","","","","","","","","","","","","","","","","","","","","","","","","","","","","","","",
"Ecuador","ECU","Servidores de Internet seguros","IT.NET.SECR","","","","","","","","","","","","","","","","","","","","","","","","","","","","","","","","","","","","","","","","","","","","","","","","","","","159","211","371","482","665","1319","1988","3524","4538","5448","6711","7636","14919","8546",
"Egipto, República Árabe de","EGY","Servidores de Internet seguros","IT.NET.SECR","","","","","","","","","","","","","","","","","","","","","","","","","","","","","","","","","","","","","","","","","","","","","","","","","","","205","252","437","563","725","975","1388","3490","3456","3547","4503","4226","5426","6105",
"Zona del Euro","EMU","Servidores de Internet seguros","IT.NET.SECR","","","","","","","","","","","","","","","","","","","","","","","","","","","","","","","","","","","","","","","","","","","","","","","","","","","","","","","","","","","","","","","","",
"Eritrea","ERI","Servidores de Internet seguros","IT.NET.SECR","","","","","","","","","","","","","","","","","","","","","","","","","","","","","","","","","","","","","","","","","","","","","","","","","","","1","1","0","0","","0","0","0","1","3","3","3","3","1",
"España","ESP","Servidores de Internet seguros","IT.NET.SECR","","","","","","","","","","","","","","","","","","","","","","","","","","","","","","","","","","","","","","","","","","","","","","","","","","","9644","12387","18879","22766","29090","41316","128415","337663","528944","834027","1022461","1185347","1292439","1389353",
"Estonia","EST","Servidores de Internet seguros","IT.NET.SECR","","","","","","","","","","","","","","","","","","","","","","","","","","","","","","","","","","","","","","","","","","","","","","","","","","","713","970","1661","2127","2885","4105","14193","38377","64636","110548","112151","128166","140416","153779",
"Etiopía","ETH","Servidores de Internet seguros","IT.NET.SECR","","","","","","","","","","","","","","","","","","","","","","","","","","","","","","","","","","","","","","","","","","","","","","","","","","","3","4","24","28","36","33","42","76","160","165","654","879","1129","2248",
"Unión Europea","EUU","Servidores de Internet seguros","IT.NET.SECR","","","","","","","","","","","","","","","","","","","","","","","","","","","","","","","","","","","","","","","","","","","","","","","","","","","","","","","","","","","","","","28137","23308","89898",
"Frágiles y situaciones de conflicto afectados","FCS","Servidores de Internet seguros","IT.NET.SECR","","","","","","","","","","","","","","","","","","","","","","","","","","","","","","","","","","","","","","","","","","","","","","","","","","","","","","","","","","","","","","","","",
"Finlandia","FIN","Servidores de Internet seguros","IT.NET.SECR","","","","","","","","","","","","","","","","","","","","","","","","","","","","","","","","","","","","","","","","","","","","","","","","","","","5457","8519","11939","13736","16433","18604","39189","122966","187523","318556","451490","581590","729439","859188",
"Fiji","FJI","Servidores de Internet seguros","IT.NET.SECR","","","","","","","","","","","","","","","","","","","","","","","","","","","","","","","","","","","","","","","","","","","","","","","","","","","13","21","41","43","64","79","99","131","153","187","238","234","233","212",
"Francia","FRA","Servidores de Internet seguros","IT.NET.SECR","","","","","","","","","","","","","","","","","","","","","","","","","","","","","","","","","","","","","","","","","","","","","","","","","","","18081","26229","40871","54208","78843","126340","446252","991690","1367541","1971311","2440930","2689564","3227132","3556589",
"Islas Feroe","FRO","Servidores de Internet seguros","IT.NET.SECR","","","","","","","","","","","","","","","","","","","","","","","","","","","","","","","","","","","","","","","","","","","","","","","","","","","83","108","150","166","174","177","178","190","225","243","294","336","383","455",
"Micronesia (Estados Federados de)","FSM","Servidores de Internet seguros","IT.NET.SECR","","","","","","","","","","","","","","","","","","","","","","","","","","","","","","","","","","","","","","","","","","","","","","","","","","","3","8","12","11","13","15","17","18","21","24","21","20","16","18",
"Gabón","GAB","Servidores de Internet seguros","IT.NET.SECR","","","","","","","","","","","","","","","","","","","","","","","","","","","","","","","","","","","","","","","","","","","","","","","","","","","4","31","14","22","23","32","45","58","56","55","98","95","69","107",
"Reino Unido","GBR","Servidores de Internet seguros","IT.NET.SECR","","","","","","","","","","","","","","","","","","","","","","","","","","","","","","","","","","","","","","","","","","","","","","","","","","","82563","114622","159285","181643","210025","285617","570586","1400176","1811830","2405337","2445275","2954879","3003030","3243401",
"Georgia","GEO","Servidores de Internet seguros","IT.NET.SECR","","","","","","","","","","","","","","","","","","","","","","","","","","","","","","","","","","","","","","","","","","","","","","","","","","","36","56","163","237","309","442","1516","8799","8132","10329","13020","13815","18350","19513",
"Ghana","GHA","Servidores de Internet seguros","IT.NET.SECR","","","","","","","","","","","","","","","","","","","","","","","","","","","","","","","","","","","","","","","","","","","","","","","","","","","22","33","70","113","148","200","2761","2744","649","1369","1846","1626","1629","1627",
"Gibraltar","GIB","Servidores de Internet seguros","IT.NET.SECR","","","","","","","","","","","","","","","","","","","","","","","","","","","","","","","","","","","","","","","","","","","","","","","","","","","161","177","266","269","343","387","470","620","555","546","757","605","632","340",
"Guinea","GIN","Servidores de Internet seguros","IT.NET.SECR","","","","","","","","","","","","","","","","","","","","","","","","","","","","","","","","","","","","","","","","","","","","","","","","","","","1","1","4","4","6","9","11","19","41","63","89","97","107","151",
"Gambia","GMB","Servidores de Internet seguros","IT.NET.SECR","","","","","","","","","","","","","","","","","","","","","","","","","","","","","","","","","","","","","","","","","","","","","","","","","","","8","4","6","8","16","17","19","106","56","52","70","119","131","141",
"Guinea-Bissau","GNB","Servidores de Internet seguros","IT.NET.SECR","","","","","","","","","","","","","","","","","","","","","","","","","","","","","","","","","","","","","","","","","","","","","","","","","","","","","","","1","3","3","5","4","7","6","12","11","14",
"Guinea Ecuatorial","GNQ","Servidores de Internet seguros","IT.NET.SECR","","","","","","","","","","","","","","","","","","","","","","","","","","","","","","","","","","","","","","","","","","","","","","","","","","","0","1","0","1","3","4","7","0","13","27","47","35","66","81",
"Grecia","GRC","Servidores de Internet seguros","IT.NET.SECR","","","","","","","","","","","","","","","","","","","","","","","","","","","","","","","","","","","","","","","","","","","","","","","","","","","711","1031","1793","2330","3026","4436","15214","39746","54044","71270","95300","120324","136391","148068",
"Granada","GRD","Servidores de Internet seguros","IT.NET.SECR","","","","","","","","","","","","","","","","","","","","","","","","","","","","","","","","","","","","","","","","","","","","","","","","","","","10","8","17","19","20","24","31","26","36","56","65","73","84","72",
"Groenlandia","GRL","Servidores de Internet seguros","IT.NET.SECR","","","","","","","","","","","","","","","","","","","","","","","","","","","","","","","","","","","","","","","","","","","","","","","","","","","53","63","101","114","131","157","166","142","172","180","232","248","261","271",
"Guatemala","GTM","Servidores de Internet seguros","IT.NET.SECR","","","","","","","","","","","","","","","","","","","","","","","","","","","","","","","","","","","","","","","","","","","","","","","","","","","106","153","221","273","360","463","600","1155","1286","1559","1798","2156","2307","1979",
"Guam","GUM","Servidores de Internet seguros","IT.NET.SECR","","","","","","","","","","","","","","","","","","","","","","","","","","","","","","","","","","","","","","","","","","","","","","","","","","","26","29","37","48","51","115","106","120","142","167","176","189","187","156",
"Guyana","GUY","Servidores de Internet seguros","IT.NET.SECR","","","","","","","","","","","","","","","","","","","","","","","","","","","","","","","","","","","","","","","","","","","","","","","","","","","1","4","5","7","11","21","24","25","37","49","48","53","72","84",
"Ingreso alto","HIC","Servidores de Internet seguros","IT.NET.SECR","","","","","","","","","","","","","","","","","","","","","","","","","","","","","","","","","","","","","","","","","","","","","","","","","","","","","","","","","","","","","","","","",
"Hong Kong, Región Administrativa Especial","HKG","Servidores de Internet seguros","IT.NET.SECR","","","","","","","","","","","","","","","","","","","","","","","","","","","","","","","","","","","","","","","","","","","","","","","","","","","3143","4521","7138","8339","11232","17002","28417","77501","144576","454544","528380","744574","932322","988939",
"Honduras","HND","Servidores de Internet seguros","IT.NET.SECR","","","","","","","","","","","","","","","","","","","","","","","","","","","","","","","","","","","","","","","","","","","","","","","","","","","50","70","93","117","144","185","281","750","717","910","985","1167","1344","1471",
"Países pobres muy endeudados (PPME)","HPC","Servidores de Internet seguros","IT.NET.SECR","","","","","","","","","","","","","","","","","","","","","","","","","","","","","","","","","","","","","","","","","","","","","","","","","","","","","","","","","","","","","","","","",
"Croacia","HRV","Servidores de Internet seguros","IT.NET.SECR","","","","","","","","","","","","","","","","","","","","","","","","","","","","","","","","","","","","","","","","","","","","","","","","","","","506","739","1336","1689","2122","2672","7199","60251","79937","92507","90474","98834","115002","113558",
"Haití","HTI","Servidores de Internet seguros","IT.NET.SECR","","","","","","","","","","","","","","","","","","","","","","","","","","","","","","","","","","","","","","","","","","","","","","","","","","","2","4","11","14","25","41","49","50","59","60","87","90","78","86",
"Hungría","HUN","Servidores de Internet seguros","IT.NET.SECR","","","","","","","","","","","","","","","","","","","","","","","","","","","","","","","","","","","","","","","","","","","","","","","","","","","1677","2172","3900","5099","6592","9120","40492","133382","188120","256400","319932","405489","493765","515271",
"Sólo BIRF","IBD","Servidores de Internet seguros","IT.NET.SECR","","","","","","","","","","","","","","","","","","","","","","","","","","","","","","","","","","","","","","","","","","","","","","","","","","","","","","","","","","","","","","","","",
"BIRF y la AIF","IBT","Servidores de Internet seguros","IT.NET.SECR","","","","","","","","","","","","","","","","","","","","","","","","","","","","","","","","","","","","","","","","","","","","","","","","","","","","","","","","","","","","","","","","",
"total de la AIF","IDA","Servidores de Internet seguros","IT.NET.SECR","","","","","","","","","","","","","","","","","","","","","","","","","","","","","","","","","","","","","","","","","","","","","","","","","","","","","","","","","","","","","","","","",
"mezcla de la AIF","IDB","Servidores de Internet seguros","IT.NET.SECR","","","","","","","","","","","","","","","","","","","","","","","","","","","","","","","","","","","","","","","","","","","","","","","","","","","","","","","","","","","","","","","","",
"Indonesia","IDN","Servidores de Internet seguros","IT.NET.SECR","","","","","","","","","","","","","","","","","","","","","","","","","","","","","","","","","","","","","","","","","","","","","","","","","","","396","595","1320","1970","3006","4569","80094","338925","343412","455692","513564","605864","696075","765509",
"Sólo AIF","IDX","Servidores de Internet seguros","IT.NET.SECR","","","","","","","","","","","","","","","","","","","","","","","","","","","","","","","","","","","","","","","","","","","","","","","","","","","","","","","","","","","","","","","","",
"Isla de Man","IMN","Servidores de Internet seguros","IT.NET.SECR","","","","","","","","","","","","","","","","","","","","","","","","","","","","","","","","","","","","","","","","","","","","","","","","","","","5","21","44","68","89","132","283","380","694","834","1105","2616","2439","1815",
"India","IND","Servidores de Internet seguros","IT.NET.SECR","","","","","","","","","","","","","","","","","","","","","","","","","","","","","","","","","","","","","","","","","","","","","","","","","","","2061","2842","5704","7880","10941","15313","50723","164791","254032","531807","662298","746969","1040120","1389294",
"No clasificado","INX","Servidores de Internet seguros","IT.NET.SECR","","","","","","","","","","","","","","","","","","","","","","","","","","","","","","","","","","","","","","","","","","","","","","","","","","","","","","","","","","","","","","","","",
"Irlanda","IRL","Servidores de Internet seguros","IT.NET.SECR","","","","","","","","","","","","","","","","","","","","","","","","","","","","","","","","","","","","","","","","","","","","","","","","","","","4375","6907","11346","12215","13078","15020","55844","185553","338734","470811","577386","582249","702503","796381",
"Irán, República Islámica del","IRN","Servidores de Internet seguros","IT.NET.SECR","","","","","","","","","","","","","","","","","","","","","","","","","","","","","","","","","","","","","","","","","","","","","","","","","","","92","127","179","238","404","963","5102","18208","40458","85822","203430","275071","586797","597959",
"Iraq","IRQ","Servidores de Internet seguros","IT.NET.SECR","","","","","","","","","","","","","","","","","","","","","","","","","","","","","","","","","","","","","","","","","","","","","","","","","","","1","8","18","30","53","87","152","391","435","475","719","928","1356","1967",
"Islandia","ISL","Servidores de Internet seguros","IT.NET.SECR","","","","","","","","","","","","","","","","","","","","","","","","","","","","","","","","","","","","","","","","","","","","","","","","","","","742","1043","1469","1788","2153","2518","11963","19793","22843","25566","27673","29409","32597","33593",
"Israel","ISR","Servidores de Internet seguros","IT.NET.SECR","","","","","","","","","","","","","","","","","","","","","","","","","","","","","","","","","","","","","","","","","","","","","","","","","","","3388","5056","7123","7740","8287","10936","18114","60711","85381","100634","113823","122034","124727","127299",
"Italia","ITA","Servidores de Internet seguros","IT.NET.SECR","","","","","","","","","","","","","","","","","","","","","","","","","","","","","","","","","","","","","","","","","","","","","","","","","","","7532","11306","18058","22587","29973","38140","79125","468800","740648","914642","1229028","1467886","1656567","1783922",
"Jamaica","JAM","Servidores de Internet seguros","IT.NET.SECR","","","","","","","","","","","","","","","","","","","","","","","","","","","","","","","","","","","","","","","","","","","","","","","","","","","68","91","147","203","245","351","354","401","451","426","475","502","518","542",
"Jordania","JOR","Servidores de Internet seguros","IT.NET.SECR","","","","","","","","","","","","","","","","","","","","","","","","","","","","","","","","","","","","","","","","","","","","","","","","","","","86","131","250","294","346","426","669","1057","1025","1092","1385","1603","1740","2093",
"Japón","JPN","Servidores de Internet seguros","IT.NET.SECR","","","","","","","","","","","","","","","","","","","","","","","","","","","","","","","","","","","","","","","","","","","","","","","","","","","70810","86878","116093","134421","175217","191255","267900","758209","1476696","2361325","2884902","3233771","3620375","3947391",
"Kazajstán","KAZ","Servidores de Internet seguros","IT.NET.SECR","","","","","","","","","","","","","","","","","","","","","","","","","","","","","","","","","","","","","","","","","","","","","","","","","","","57","91","202","296","465","845","4701","22227","25115","43674","62033","85736","99054","118202",
"Kenya","KEN","Servidores de Internet seguros","IT.NET.SECR","","","","","","","","","","","","","","","","","","","","","","","","","","","","","","","","","","","","","","","","","","","","","","","","","","","65","95","229","316","458","619","942","1837","11164","13047","12876","13848","15199","16443",
"Kirguistán","KGZ","Servidores de Internet seguros","IT.NET.SECR","","","","","","","","","","","","","","","","","","","","","","","","","","","","","","","","","","","","","","","","","","","","","","","","","","","10","8","38","44","82","136","257","639","1075","1859","2771","3533","4463","5796",
"Camboya","KHM","Servidores de Internet seguros","IT.NET.SECR","","","","","","","","","","","","","","","","","","","","","","","","","","","","","","","","","","","","","","","","","","","","","","","","","","","10","18","44","60","71","158","323","883","1318","2626","3152","2824","3156","3889",
"Kiribati","KIR","Servidores de Internet seguros","IT.NET.SECR","","","","","","","","","","","","","","","","","","","","","","","","","","","","","","","","","","","","","","","","","","","","","","","","","","","0","0","1","1","1","1","3","3","5","1","5","5","7","3",
"Saint Kitts y Nevis","KNA","Servidores de Internet seguros","IT.NET.SECR","","","","","","","","","","","","","","","","","","","","","","","","","","","","","","","","","","","","","","","","","","","","","","","","","","","27","72","38","33","61","38","46","162","234","289","331","347","439","385",
"Corea, República de","KOR","Servidores de Internet seguros","IT.NET.SECR","","","","","","","","","","","","","","","","","","","","","","","","","","","","","","","","","","","","","","","","","","","","","","","","","","","8688","10413","13470","17000","20634","28452","36928","61580","106574","234958","307856","379684","455851","503079",
"Kuwait","KWT","Servidores de Internet seguros","IT.NET.SECR","","","","","","","","","","","","","","","","","","","","","","","","","","","","","","","","","","","","","","","","","","","","","","","","","","","236","370","629","790","956","1276","1575","1964","1705","1844","1770","1747","1783","1871",
"América Latina y el Caribe (excluido altos ingresos)","LAC","Servidores de Internet seguros","IT.NET.SECR","","","","","","","","","","","","","","","","","","","","","","","","","","","","","","","","","","","","","","","","","","","","","","","","","","","","","","","","","","","","","","","","",
"República Democrática Popular Lao","LAO","Servidores de Internet seguros","IT.NET.SECR","","","","","","","","","","","","","","","","","","","","","","","","","","","","","","","","","","","","","","","","","","","","","","","","","","","3","6","12","17","22","28","57","114","144","224","384","613","2071","2101",
"Líbano","LBN","Servidores de Internet seguros","IT.NET.SECR","","","","","","","","","","","","","","","","","","","","","","","","","","","","","","","","","","","","","","","","","","","","","","","","","","","83","160","272","339","454","547","592","813","1195","1415","1838","1950","1495","3903",
"Liberia","LBR","Servidores de Internet seguros","IT.NET.SECR","","","","","","","","","","","","","","","","","","","","","","","","","","","","","","","","","","","","","","","","","","","","","","","","","","","2","1","2","2","4","4","10","9","11","24","31","35","44","51",
"Libia","LBY","Servidores de Internet seguros","IT.NET.SECR","","","","","","","","","","","","","","","","","","","","","","","","","","","","","","","","","","","","","","","","","","","","","","","","","","","7","7","9","36","36","40","926","6174","7345","7119","5093","1109","1257","820",
"Santa Lucía","LCA","Servidores de Internet seguros","IT.NET.SECR","","","","","","","","","","","","","","","","","","","","","","","","","","","","","","","","","","","","","","","","","","","","","","","","","","","8","9","20","23","25","25","33","35","46","55","69","63","129","126",
"América Latina y el Caribe","LCN","Servidores de Internet seguros","IT.NET.SECR","","","","","","","","","","","","","","","","","","","","","","","","","","","","","","","","","","","","","","","","","","","","","","","","","","","","","","","","","","","","","","","","",
"Países menos desarrollados: clasificación de las Naciones Unidas","LDC","Servidores de Internet seguros","IT.NET.SECR","","","","","","","","","","","","","","","","","","","","","","","","","","","","","","","","","","","","","","","","","","","","","","","","","","","","","","","","","","","","","","","","",
"Países de ingreso bajo","LIC","Servidores de Internet seguros","IT.NET.SECR","","","","","","","","","","","","","","","","","","","","","","","","","","","","","","","","","","","","","","","","","","","","","","","","","","","","","","","","","","","","","","","","",
"Liechtenstein","LIE","Servidores de Internet seguros","IT.NET.SECR","","","","","","","","","","","","","","","","","","","","","","","","","","","","","","","","","","","","","","","","","","","","","","","","","","","137","272","358","429","535","579","661","904","1333","1826","2000","2432","2608","2637",
"Sri Lanka","LKA","Servidores de Internet seguros","IT.NET.SECR","","","","","","","","","","","","","","","","","","","","","","","","","","","","","","","","","","","","","","","","","","","","","","","","","","","72","106","189","238","331","439","1507","6545","8937","7161","8422","10690","10792","10630",
"Países de ingreso mediano bajo","LMC","Servidores de Internet seguros","IT.NET.SECR","","","","","","","","","","","","","","","","","","","","","","","","","","","","","","","","","","","","","","","","","","","","","","","","","","","","","","","","","","","","","","","","",
"Ingreso mediano y bajo","LMY","Servidores de Internet seguros","IT.NET.SECR","","","","","","","","","","","","","","","","","","","","","","","","","","","","","","","","","","","","","","","","","","","","","","","","","","","","","","","","","","","","","","","","",
"Lesotho","LSO","Servidores de Internet seguros","IT.NET.SECR","","","","","","","","","","","","","","","","","","","","","","","","","","","","","","","","","","","","","","","","","","","","","","","","","","","1","2","2","4","4","14","18","42","83","134","150","152","173","206",
"avanzada del dividendo demográfico","LTE","Servidores de Internet seguros","IT.NET.SECR","","","","","","","","","","","","","","","","","","","","","","","","","","","","","","","","","","","","","","","","","","","","","","","","","","","","","","","","","","","","","","","","",
"Lituania","LTU","Servidores de Internet seguros","IT.NET.SECR","","","","","","","","","","","","","","","","","","","","","","","","","","","","","","","","","","","","","","","","","","","","","","","","","","","549","757","1344","1882","2208","3443","12556","36934","51176","87889","131718","150863","188268","278256",
"Luxemburgo","LUX","Servidores de Internet seguros","IT.NET.SECR","","","","","","","","","","","","","","","","","","","","","","","","","","","","","","","","","","","","","","","","","","","","","","","","","","","606","800","1232","1765","2511","3133","6678","25651","26234","24716","28308","31491","41732","40306",
"Letonia","LVA","Servidores de Internet seguros","IT.NET.SECR","","","","","","","","","","","","","","","","","","","","","","","","","","","","","","","","","","","","","","","","","","","","","","","","","","","477","673","1141","1430","1824","2596","5758","23206","27952","38004","38634","42538","41856","49133",
"Región Administrativa Especial de Macao, China","MAC","Servidores de Internet seguros","IT.NET.SECR","","","","","","","","","","","","","","","","","","","","","","","","","","","","","","","","","","","","","","","","","","","","","","","","","","","113","145","215","240","297","453","681","1108","1674","2669","3920","3528","4079","3910",
"Isla de San Martín (parte francesa)","MAF","Servidores de Internet seguros","IT.NET.SECR","","","","","","","","","","","","","","","","","","","","","","","","","","","","","","","","","","","","","","","","","","","","","","","","","","","0","0","1","2","2","4","12","9","11","","15","14","30","35",
"Marruecos","MAR","Servidores de Internet seguros","IT.NET.SECR","","","","","","","","","","","","","","","","","","","","","","","","","","","","","","","","","","","","","","","","","","","","","","","","","","","51","76","113","182","244","328","859","10115","10655","13479","16219","22282","20367","21406",
"Mónaco","MCO","Servidores de Internet seguros","IT.NET.SECR","","","","","","","","","","","","","","","","","","","","","","","","","","","","","","","","","","","","","","","","","","","","","","","","","","","28","51","82","143","155","208","273","373","412","519","752","609","891","1239",
"República de Moldova","MDA","Servidores de Internet seguros","IT.NET.SECR","","","","","","","","","","","","","","","","","","","","","","","","","","","","","","","","","","","","","","","","","","","","","","","","","","","38","69","130","168","237","361","1852","10071","10610","12060","14705","17292","21282","28328",
"Madagascar","MDG","Servidores de Internet seguros","IT.NET.SECR","","","","","","","","","","","","","","","","","","","","","","","","","","","","","","","","","","","","","","","","","","","","","","","","","","","6","9","15","16","27","39","76","126","143","227","286","412","542","692",
"Maldivas","MDV","Servidores de Internet seguros","IT.NET.SECR","","","","","","","","","","","","","","","","","","","","","","","","","","","","","","","","","","","","","","","","","","","","","","","","","","","9","11","30","33","41","53","101","209","270","385","578","641","607","651",
"Oriente Medio y Norte de África","MEA","Servidores de Internet seguros","IT.NET.SECR","","","","","","","","","","","","","","","","","","","","","","","","","","","","","","","","","","","","","","","","","","","","","","","","","","","","","","","","","","","","","","","","",
"México","MEX","Servidores de Internet seguros","IT.NET.SECR","","","","","","","","","","","","","","","","","","","","","","","","","","","","","","","","","","","","","","","","","","","","","","","","","","","1531","2001","3146","3756","4930","7054","14758","23144","28487","34635","41615","44523","49116","53468",
"Islas Marshall","MHL","Servidores de Internet seguros","IT.NET.SECR","","","","","","","","","","","","","","","","","","","","","","","","","","","","","","","","","","","","","","","","","","","","","","","","","","","1","3","2","1","2","1","3","6","8","20","61","7","4","6",
" Ingreso mediano","MIC","Servidores de Internet seguros","IT.NET.SECR","","","","","","","","","","","","","","","","","","","","","","","","","","","","","","","","","","","","","","","","","","","","","","","","","","","","","","","","","","","","","","","","",
"Macedonia del Norte","MKD","Servidores de Internet seguros","IT.NET.SECR","","","","","","","","","","","","","","","","","","","","","","","","","","","","","","","","","","","","","","","","","","","","","","","","","","","41","46","94","135","203","239","971","1037","968","1438","2120","2841","3179","3396",
"Malí","MLI","Servidores de Internet seguros","IT.NET.SECR","","","","","","","","","","","","","","","","","","","","","","","","","","","","","","","","","","","","","","","","","","","","","","","","","","","7","7","14","16","25","39","57","142","201","203","217","267","339","334",
"Malta","MLT","Servidores de Internet seguros","IT.NET.SECR","","","","","","","","","","","","","","","","","","","","","","","","","","","","","","","","","","","","","","","","","","","","","","","","","","","686","849","1091","1108","1246","1570","1473","6600","6986","5464","7445","3205","2710","2666",
"Myanmar","MMR","Servidores de Internet seguros","IT.NET.SECR","","","","","","","","","","","","","","","","","","","","","","","","","","","","","","","","","","","","","","","","","","","","","","","","","","","1","1","5","9","37","55","1087","529","494","663","765","676","797","1092",
"Oriente Medio y Norte de África (excluido altos ingresos)","MNA","Servidores de Internet seguros","IT.NET.SECR","","","","","","","","","","","","","","","","","","","","","","","","","","","","","","","","","","","","","","","","","","","","","","","","","","","","","","","","","","","","","","","","",
"Montenegro","MNE","Servidores de Internet seguros","IT.NET.SECR","","","","","","","","","","","","","","","","","","","","","","","","","","","","","","","","","","","","","","","","","","","","","","","","","","","13","17","30","36","43","59","87","139","259","430","487","575","789","1385",
"Mongolia","MNG","Servidores de Internet seguros","IT.NET.SECR","","","","","","","","","","","","","","","","","","","","","","","","","","","","","","","","","","","","","","","","","","","","","","","","","","","25","35","81","117","174","225","1337","4755","5357","5452","5687","6750","7513","8197",
"Mariana","MNP","Servidores de Internet seguros","IT.NET.SECR","","","","","","","","","","","","","","","","","","","","","","","","","","","","","","","","","","","","","","","","","","","","","","","","","","","7","12","12","24","24","26","23","14","14","78","93","98","99","92",
"Mozambique","MOZ","Servidores de Internet seguros","IT.NET.SECR","","","","","","","","","","","","","","","","","","","","","","","","","","","","","","","","","","","","","","","","","","","","","","","","","","","18","30","45","61","91","130","158","222","349","623","918","1021","1093","1248",
"Mauritania","MRT","Servidores de Internet seguros","IT.NET.SECR","","","","","","","","","","","","","","","","","","","","","","","","","","","","","","","","","","","","","","","","","","","","","","","","","","","6","4","1","2","1","14","14","18","24","33","65","65","123","174",
"Mauricio","MUS","Servidores de Internet seguros","IT.NET.SECR","","","","","","","","","","","","","","","","","","","","","","","","","","","","","","","","","","","","","","","","","","","","","","","","","","","38","55","121","159","239","296","406","480","9926","652","1158","2490","2132","3110",
"Malawi","MWI","Servidores de Internet seguros","IT.NET.SECR","","","","","","","","","","","","","","","","","","","","","","","","","","","","","","","","","","","","","","","","","","","","","","","","","","","3","5","20","23","31","38","90","184","279","305","324","425","490","584",
"Malasia","MYS","Servidores de Internet seguros","IT.NET.SECR","","","","","","","","","","","","","","","","","","","","","","","","","","","","","","","","","","","","","","","","","","","","","","","","","","","1267","1650","2948","3604","4513","7079","29017","152966","180124","214828","242565","274197","292023","283909",
"América del Norte","NAC","Servidores de Internet seguros","IT.NET.SECR","","","","","","","","","","","","","","","","","","","","","","","","","","","","","","","","","","","","","","","","","","","","","","","","","","","","","","","","","","","","","","","","",
"Namibia","NAM","Servidores de Internet seguros","IT.NET.SECR","","","","","","","","","","","","","","","","","","","","","","","","","","","","","","","","","","","","","","","","","","","","","","","","","","","14","24","64","74","97","146","185","287","366","366","544","692","912","1154",
"Nueva Caledonia","NCL","Servidores de Internet seguros","IT.NET.SECR","","","","","","","","","","","","","","","","","","","","","","","","","","","","","","","","","","","","","","","","","","","","","","","","","","","32","44","83","100","148","214","354","801","945","1329","1555","1718","1981","2217",
"Níger","NER","Servidores de Internet seguros","IT.NET.SECR","","","","","","","","","","","","","","","","","","","","","","","","","","","","","","","","","","","","","","","","","","","","","","","","","","","3","2","4","5","5","6","5","10","11","20","35","35","106","124",
"Nigeria","NGA","Servidores de Internet seguros","IT.NET.SECR","","","","","","","","","","","","","","","","","","","","","","","","","","","","","","","","","","","","","","","","","","","","","","","","","","","102","155","290","382","528","643","8814","42529","36082","15036","15242","13450","10509","10847",
"Nicaragua","NIC","Servidores de Internet seguros","IT.NET.SECR","","","","","","","","","","","","","","","","","","","","","","","","","","","","","","","","","","","","","","","","","","","","","","","","","","","27","33","64","77","101","136","218","781","448","564","610","696","640","706",
"Países Bajos","NLD","Servidores de Internet seguros","IT.NET.SECR","","","","","","","","","","","","","","","","","","","","","","","","","","","","","","","","","","","","","","","","","","","","","","","","","","","34640","53432","81309","95253","121508","164806","410955","1206251","1733183","2259681","2387096","2877760","3207131","3485374",
"Noruega","NOR","Servidores de Internet seguros","IT.NET.SECR","","","","","","","","","","","","","","","","","","","","","","","","","","","","","","","","","","","","","","","","","","","","","","","","","","","7614","11560","15056","16312","18347","21242","36660","76899","110946","193492","209961","237215","240937","208172",
"Nepal","NPL","Servidores de Internet seguros","IT.NET.SECR","","","","","","","","","","","","","","","","","","","","","","","","","","","","","","","","","","","","","","","","","","","","","","","","","","","24","35","63","79","99","147","508","4372","5126","5404","6096","7952","10682","19082",
"Nauru","NRU","Servidores de Internet seguros","IT.NET.SECR","","","","","","","","","","","","","","","","","","","","","","","","","","","","","","","","","","","","","","","","","","","","","","","","","","","0","1","0","0","","","1","1","1","","4","5","3","5",
"Nueva Zelandia","NZL","Servidores de Internet seguros","IT.NET.SECR","","","","","","","","","","","","","","","","","","","","","","","","","","","","","","","","","","","","","","","","","","","","","","","","","","","6042","8913","12618","14188","15743","18074","30178","71815","86339","100186","104397","82091","94008","98767",
"Miembros OCDE","OED","Servidores de Internet seguros","IT.NET.SECR","","","","","","","","","","","","","","","","","","","","","","","","","","","","","","","","","","","","","","","","","","","","","","","","","","","","","","","","","","","","","","","","",
"Omán","OMN","Servidores de Internet seguros","IT.NET.SECR","","","","","","","","","","","","","","","","","","","","","","","","","","","","","","","","","","","","","","","","","","","","","","","","","","","62","81","212","281","401","497","573","662","757","908","1190","1226","1345","1411",
"Otros Estados pequeos","OSS","Servidores de Internet seguros","IT.NET.SECR","","","","","","","","","","","","","","","","","","","","","","","","","","","","","","","","","","","","","","","","","","","","","","","","","","","","","","","","","","","","","","","","",
"Pakistán","PAK","Servidores de Internet seguros","IT.NET.SECR","","","","","","","","","","","","","","","","","","","","","","","","","","","","","","","","","","","","","","","","","","","","","","","","","","","106","146","240","328","479","680","6448","23923","23161","13549","16293","15743","28306","28057",
"Panamá","PAN","Servidores de Internet seguros","IT.NET.SECR","","","","","","","","","","","","","","","","","","","","","","","","","","","","","","","","","","","","","","","","","","","","","","","","","","","488","617","877","990","1283","1217","2060","8835","8945","8039","6371","6729","9821","11687",
"Perú","PER","Servidores de Internet seguros","IT.NET.SECR","","","","","","","","","","","","","","","","","","","","","","","","","","","","","","","","","","","","","","","","","","","","","","","","","","","301","433","731","872","1130","1412","2243","6873","8232","12505","15020","19802","23486","25376",
"Filipinas","PHL","Servidores de Internet seguros","IT.NET.SECR","","","","","","","","","","","","","","","","","","","","","","","","","","","","","","","","","","","","","","","","","","","","","","","","","","","474","674","1146","1233","1619","2139","4202","9239","9903","12035","12444","15116","11418","35099",
"Palau","PLW","Servidores de Internet seguros","IT.NET.SECR","","","","","","","","","","","","","","","","","","","","","","","","","","","","","","","","","","","","","","","","","","","","","","","","","","","0","0","1","3","2","3","3","4","15","13","17","19","25","24",
"Papua Nueva Guinea","PNG","Servidores de Internet seguros","IT.NET.SECR","","","","","","","","","","","","","","","","","","","","","","","","","","","","","","","","","","","","","","","","","","","","","","","","","","","11","18","47","60","88","109","123","262","429","498","","855","854","897",
"Polonia","POL","Servidores de Internet seguros","IT.NET.SECR","","","","","","","","","","","","","","","","","","","","","","","","","","","","","","","","","","","","","","","","","","","","","","","","","","","5897","8655","15198","19695","25891","36309","94640","248163","616219","782319","954351","1161013","1280389","1369941",
"previa al dividendo demográfico","PRE","Servidores de Internet seguros","IT.NET.SECR","","","","","","","","","","","","","","","","","","","","","","","","","","","","","","","","","","","","","","","","","","","","","","","","","","","","","","","","","","","","","","","","",
"Puerto Rico","PRI","Servidores de Internet seguros","IT.NET.SECR","","","","","","","","","","","","","","","","","","","","","","","","","","","","","","","","","","","","","","","","","","","","","","","","","","","354","496","609","665","730","1106","1430","941","1229","1347","1460","1613","1619","1489",
"Corea, República Popular Democrática de","PRK","Servidores de Internet seguros","IT.NET.SECR","","","","","","","","","","","","","","","","","","","","","","","","","","","","","","","","","","","","","","","","","","","","","","","","","","","0","0","0","0","","","0","1","","","2","164","84","104",
"Portugal","PRT","Servidores de Internet seguros","IT.NET.SECR","","","","","","","","","","","","","","","","","","","","","","","","","","","","","","","","","","","","","","","","","","","","","","","","","","","1717","2256","3767","4420","5570","9336","32838","128391","164308","196988","228378","249968","288225","305997",
"Paraguay","PRY","Servidores de Internet seguros","IT.NET.SECR","","","","","","","","","","","","","","","","","","","","","","","","","","","","","","","","","","","","","","","","","","","","","","","","","","","38","54","96","154","219","271","418","1283","1728","2454","3391","4178","4236","4402",
"Ribera Occidental y Gaza","PSE","Servidores de Internet seguros","IT.NET.SECR","","","","","","","","","","","","","","","","","","","","","","","","","","","","","","","","","","","","","","","","","","","","","","","","","","","14","20","46","60","88","139","472","2440","2143","2613","2573","2925","2612","2245",
"Estados pequeos de las Islas del Pacfico","PSS","Servidores de Internet seguros","IT.NET.SECR","","","","","","","","","","","","","","","","","","","","","","","","","","","","","","","","","","","","","","","","","","","","","","","","","","","","","","","","","","","","","","","","",
"posterior al dividendo demográfico","PST","Servidores de Internet seguros","IT.NET.SECR","","","","","","","","","","","","","","","","","","","","","","","","","","","","","","","","","","","","","","","","","","","","","","","","","","","","","","","","","","","","","","","","",
"Polinesia Francesa","PYF","Servidores de Internet seguros","IT.NET.SECR","","","","","","","","","","","","","","","","","","","","","","","","","","","","","","","","","","","","","","","","","","","","","","","","","","","17","21","35","42","49","58","72","165","206","302","345","449","567","650",
"Qatar","QAT","Servidores de Internet seguros","IT.NET.SECR","","","","","","","","","","","","","","","","","","","","","","","","","","","","","","","","","","","","","","","","","","","","","","","","","","","115","193","380","486","691","923","963","1093","1103","1235","1247","1333","1362","1194",
"Rumania","ROU","Servidores de Internet seguros","IT.NET.SECR","","","","","","","","","","","","","","","","","","","","","","","","","","","","","","","","","","","","","","","","","","","","","","","","","","","790","1227","2635","3515","4912","7158","67411","240048","310378","371250","411782","445866","471223","511496",
"Federación de Rusia","RUS","Servidores de Internet seguros","IT.NET.SECR","","","","","","","","","","","","","","","","","","","","","","","","","","","","","","","","","","","","","","","","","","","","","","","","","","","2442","4126","8245","11442","17310","46313","168007","511677","749930","1348308","1923034","2346348","2875945","3394814",
"Rwanda","RWA","Servidores de Internet seguros","IT.NET.SECR","","","","","","","","","","","","","","","","","","","","","","","","","","","","","","","","","","","","","","","","","","","","","","","","","","","9","8","27","44","63","84","149","219","449","900","1061","1327","1577","1802",
"Asia meridional","SAS","Servidores de Internet seguros","IT.NET.SECR","","","","","","","","","","","","","","","","","","","","","","","","","","","","","","","","","","","","","","","","","","","","","","","","","","","","","","","","","","","","","","","","",
"Arabia Saudita","SAU","Servidores de Internet seguros","IT.NET.SECR","","","","","","","","","","","","","","","","","","","","","","","","","","","","","","","","","","","","","","","","","","","","","","","","","","","359","577","1176","1556","2189","2836","3442","5521","5445","6256","7977","9434","10417","14342",
"Sudán","SDN","Servidores de Internet seguros","IT.NET.SECR","","","","","","","","","","","","","","","","","","","","","","","","","","","","","","","","","","","","","","","","","","","","","","","","","","","8","12","16","14","22","29","52","79","193","184","282","409","467","107",
"Senegal","SEN","Servidores de Internet seguros","IT.NET.SECR","","","","","","","","","","","","","","","","","","","","","","","","","","","","","","","","","","","","","","","","","","","","","","","","","","","13","13","28","30","43","92","106","136","272","316","441","706","787","835",
"Singapur","SGP","Servidores de Internet seguros","IT.NET.SECR","","","","","","","","","","","","","","","","","","","","","","","","","","","","","","","","","","","","","","","","","","","","","","","","","","","2699","4810","10088","13765","13915","19844","106879","329385","477674","698581","729931","963602","1198709","1353061",
"Islas Salomón","SLB","Servidores de Internet seguros","IT.NET.SECR","","","","","","","","","","","","","","","","","","","","","","","","","","","","","","","","","","","","","","","","","","","","","","","","","","","1","4","7","9","8","13","23","39","28","38","43","71","65","63",
"Sierra Leona","SLE","Servidores de Internet seguros","IT.NET.SECR","","","","","","","","","","","","","","","","","","","","","","","","","","","","","","","","","","","","","","","","","","","","","","","","","","","3","4","9","7","5","7","11","14","","41","52","82","94","113",
"El Salvador","SLV","Servidores de Internet seguros","IT.NET.SECR","","","","","","","","","","","","","","","","","","","","","","","","","","","","","","","","","","","","","","","","","","","","","","","","","","","84","99","139","175","216","286","331","393","582","608","876","965","1089","1147",
"San Marino","SMR","Servidores de Internet seguros","IT.NET.SECR","","","","","","","","","","","","","","","","","","","","","","","","","","","","","","","","","","","","","","","","","","","","","","","","","","","30","37","50","69","94","112","156","635","2002","2531","3277","1298","1273","1095",
"Somalia","SOM","Servidores de Internet seguros","IT.NET.SECR","","","","","","","","","","","","","","","","","","","","","","","","","","","","","","","","","","","","","","","","","","","","","","","","","","","0","0","3","2","4","7","11","378","65","132","71","91","100","185",
"Serbia","SRB","Servidores de Internet seguros","IT.NET.SECR","","","","","","","","","","","","","","","","","","","","","","","","","","","","","","","","","","","","","","","","","","","","","","","","","","","54","188","382","484","664","1001","3894","40739","48178","56061","64584","76637","79115","83769",
"África al sur del Sahara (excluido altos ingresos)","SSA","Servidores de Internet seguros","IT.NET.SECR","","","","","","","","","","","","","","","","","","","","","","","","","","","","","","","","","","","","","","","","","","","","","","","","","","","","","","","","","","","","","","","","",
"Sudán del Sur","SSD","Servidores de Internet seguros","IT.NET.SECR","","","","","","","","","","","","","","","","","","","","","","","","","","","","","","","","","","","","","","","","","","","","","","","","","","","","","","","","0","1","2","15","38","46","44","58","44",
"África al sur del Sahara","SSF","Servidores de Internet seguros","IT.NET.SECR","","","","","","","","","","","","","","","","","","","","","","","","","","","","","","","","","","","","","","","","","","","","","","","","","","","","","","","","","","","","","","","","",
"Pequeños Estados","SST","Servidores de Internet seguros","IT.NET.SECR","","","","","","","","","","","","","","","","","","","","","","","","","","","","","","","","","","","","","","","","","","","","","","","","","","","","","","","","","","","","","","","","",
"Santo Tomé y Príncipe","STP","Servidores de Internet seguros","IT.NET.SECR","","","","","","","","","","","","","","","","","","","","","","","","","","","","","","","","","","","","","","","","","","","","","","","","","","","0","1","1","2","2","3","3","8","12","13","7","9","7","9",
"Suriname","SUR","Servidores de Internet seguros","IT.NET.SECR","","","","","","","","","","","","","","","","","","","","","","","","","","","","","","","","","","","","","","","","","","","","","","","","","","","6","10","15","19","37","60","79","115","168","306","4164","3273","2447","873",
"República Eslovaca","SVK","Servidores de Internet seguros","IT.NET.SECR","","","","","","","","","","","","","","","","","","","","","","","","","","","","","","","","","","","","","","","","","","","","","","","","","","","738","1074","1934","2673","3564","5795","17600","37877","70772","109581","141484","170623","200435","216592",
"Eslovenia","SVN","Servidores de Internet seguros","IT.NET.SECR","","","","","","","","","","","","","","","","","","","","","","","","","","","","","","","","","","","","","","","","","","","","","","","","","","","684","1025","1990","2504","3213","4517","11628","40489","68476","88819","103255","116883","130661","135664",
"Suecia","SWE","Servidores de Internet seguros","IT.NET.SECR","","","","","","","","","","","","","","","","","","","","","","","","","","","","","","","","","","","","","","","","","","","","","","","","","","","11265","16174","22775","25830","30531","41234","61582","136977","189345","264047","338969","402066","480359","558403",
"Eswatini","SWZ","Servidores de Internet seguros","IT.NET.SECR","","","","","","","","","","","","","","","","","","","","","","","","","","","","","","","","","","","","","","","","","","","","","","","","","","","5","7","9","11","21","29","29","46","61","107","128","106","134","172",
"Sint Maarten (Dutch part)","SXM","Servidores de Internet seguros","IT.NET.SECR","","","","","","","","","","","","","","","","","","","","","","","","","","","","","","","","","","","","","","","","","","","","","","","","","","","0","0","0","12","20","24","28","30","32","33","41","49","43","52",
"Seychelles","SYC","Servidores de Internet seguros","IT.NET.SECR","","","","","","","","","","","","","","","","","","","","","","","","","","","","","","","","","","","","","","","","","","","","","","","","","","","6","14","20","32","36","94","2930","14874","25570","9413","6017","6985","6206","6301",
"República Árabe Siria","SYR","Servidores de Internet seguros","IT.NET.SECR","","","","","","","","","","","","","","","","","","","","","","","","","","","","","","","","","","","","","","","","","","","","","","","","","","","6","7","28","26","24","44","110","227","323","386","686","1004","1773","2201",
"Islas Turcas y Caicos","TCA","Servidores de Internet seguros","IT.NET.SECR","","","","","","","","","","","","","","","","","","","","","","","","","","","","","","","","","","","","","","","","","","","","","","","","","","","3","8","10","28","31","30","33","28","28","29","30","29","31","34",
"Chad","TCD","Servidores de Internet seguros","IT.NET.SECR","","","","","","","","","","","","","","","","","","","","","","","","","","","","","","","","","","","","","","","","","","","","","","","","","","","1","2","1","2","2","5","5","9","7","11","21","22","16","24",
"Asia oriental y el Pacífico (BIRF y la AIF)","TEA","Servidores de Internet seguros","IT.NET.SECR","","","","","","","","","","","","","","","","","","","","","","","","","","","","","","","","","","","","","","","","","","","","","","","","","","","","","","","","","","","","","","","","",
"Europa y Asia central (BIRF y la AIF)","TEC","Servidores de Internet seguros","IT.NET.SECR","","","","","","","","","","","","","","","","","","","","","","","","","","","","","","","","","","","","","","","","","","","","","","","","","","","","","","","","","","","","","","","","",
"Togo","TGO","Servidores de Internet seguros","IT.NET.SECR","","","","","","","","","","","","","","","","","","","","","","","","","","","","","","","","","","","","","","","","","","","","","","","","","","","1","2","3","6","18","22","26","35","61","159","219","223","733","851",
"Tailandia","THA","Servidores de Internet seguros","IT.NET.SECR","","","","","","","","","","","","","","","","","","","","","","","","","","","","","","","","","","","","","","","","","","","","","","","","","","","753","1022","2095","2649","3555","4768","10103","40023","66225","97741","133183","153089","197003","215289",
"Tayikistán","TJK","Servidores de Internet seguros","IT.NET.SECR","","","","","","","","","","","","","","","","","","","","","","","","","","","","","","","","","","","","","","","","","","","","","","","","","","","2","6","9","15","14","43","51","178","249","663","880","1002","1022","1286",
"Turkmenistán","TKM","Servidores de Internet seguros","IT.NET.SECR","","","","","","","","","","","","","","","","","","","","","","","","","","","","","","","","","","","","","","","","","","","","","","","","","","","1","1","3","2","4","12","11","26","35","119","286","622","748","1022",
"América Latina y el Caribe (BIRF y la AIF)","TLA","Servidores de Internet seguros","IT.NET.SECR","","","","","","","","","","","","","","","","","","","","","","","","","","","","","","","","","","","","","","","","","","","","","","","","","","","","","","","","","","","","","","","","",
"Timor-Leste","TLS","Servidores de Internet seguros","IT.NET.SECR","","","","","","","","","","","","","","","","","","","","","","","","","","","","","","","","","","","","","","","","","","","","","","","","","","","2","2","1","3","7","11","14","15","37","49","119","160","290","333",
"Oriente Medio y Norte de África (BIRF y la AIF)","TMN","Servidores de Internet seguros","IT.NET.SECR","","","","","","","","","","","","","","","","","","","","","","","","","","","","","","","","","","","","","","","","","","","","","","","","","","","","","","","","","","","","","","","","",
"Tonga","TON","Servidores de Internet seguros","IT.NET.SECR","","","","","","","","","","","","","","","","","","","","","","","","","","","","","","","","","","","","","","","","","","","","","","","","","","","1","1","3","3","4","11","14","21","18","24","59","73","82","92",
"Asia meridional (BIRF y la AIF)","TSA","Servidores de Internet seguros","IT.NET.SECR","","","","","","","","","","","","","","","","","","","","","","","","","","","","","","","","","","","","","","","","","","","","","","","","","","","","","","","","","","","","","","","","",
"África al sur del Sahara (BIRF y la AIF)","TSS","Servidores de Internet seguros","IT.NET.SECR","","","","","","","","","","","","","","","","","","","","","","","","","","","","","","","","","","","","","","","","","","","","","","","","","","","","","","","","","","","","","","","","",
"Trinidad y Tobago","TTO","Servidores de Internet seguros","IT.NET.SECR","","","","","","","","","","","","","","","","","","","","","","","","","","","","","","","","","","","","","","","","","","","","","","","","","","","59","82","142","181","236","369","412","402","391","436","476","477","549","586",
"Túnez","TUN","Servidores de Internet seguros","IT.NET.SECR","","","","","","","","","","","","","","","","","","","","","","","","","","","","","","","","","","","","","","","","","","","","","","","","","","","66","82","117","170","225","214","1045","2450","3657","3169","3882","4982","8963","9984",
"Turquía","TUR","Servidores de Internet seguros","IT.NET.SECR","","","","","","","","","","","","","","","","","","","","","","","","","","","","","","","","","","","","","","","","","","","","","","","","","","","6245","8689","16733","20046","23067","28548","103855","271843","356867","453706","570108","652636","778926","843190",
"Tuvalu","TUV","Servidores de Internet seguros","IT.NET.SECR","","","","","","","","","","","","","","","","","","","","","","","","","","","","","","","","","","","","","","","","","","","","","","","","","","","","","","","","","","","1","1","3","6","5","5",
"Tanzanía","TZA","Servidores de Internet seguros","IT.NET.SECR","","","","","","","","","","","","","","","","","","","","","","","","","","","","","","","","","","","","","","","","","","","","","","","","","","","22","27","46","80","116","169","300","1241","1537","2268","2281","2254","2843","3503",
"Uganda","UGA","Servidores de Internet seguros","IT.NET.SECR","","","","","","","","","","","","","","","","","","","","","","","","","","","","","","","","","","","","","","","","","","","","","","","","","","","9","22","58","66","81","114","156","840","864","973","1573","1580","2075","2512",
"Ucrania","UKR","Servidores de Internet seguros","IT.NET.SECR","","","","","","","","","","","","","","","","","","","","","","","","","","","","","","","","","","","","","","","","","","","","","","","","","","","567","958","1866","2458","3382","6403","85755","177005","268976","349187","395092","422358","366041","373112",
"Ingreso mediano alto","UMC","Servidores de Internet seguros","IT.NET.SECR","","","","","","","","","","","","","","","","","","","","","","","","","","","","","","","","","","","","","","","","","","","","","","","","","","","","","","","","","","","","","","","","",
"Uruguay","URY","Servidores de Internet seguros","IT.NET.SECR","","","","","","","","","","","","","","","","","","","","","","","","","","","","","","","","","","","","","","","","","","","","","","","","","","","120","197","285","386","537","635","1061","3793","5432","6262","6677","8463","15864","14749",
"Estados Unidos","USA","Servidores de Internet seguros","IT.NET.SECR","","","","","","","","","","","","","","","","","","","","","","","","","","","","","","","","","","","","","","","","","","","","","","","","","","","767662","930471","1205823","1360046","1633177","2039539","3694357","9863566","21517004","40706354","46678110","52122869","60194281","62879335",
"Uzbekistán","UZB","Servidores de Internet seguros","IT.NET.SECR","","","","","","","","","","","","","","","","","","","","","","","","","","","","","","","","","","","","","","","","","","","","","","","","","","","2","8","27","41","73","177","2221","6548","9193","15196","16044","20376","25630","29373",
"San Vicente y las Granadinas","VCT","Servidores de Internet seguros","IT.NET.SECR","","","","","","","","","","","","","","","","","","","","","","","","","","","","","","","","","","","","","","","","","","","","","","","","","","","2","6","10","7","10","13","21","18","10","10","14","20","23","17",
"Venezuela","VEN","Servidores de Internet seguros","IT.NET.SECR","","","","","","","","","","","","","","","","","","","","","","","","","","","","","","","","","","","","","","","","","","","","","","","","","","","201","189","355","443","493","645","4421","8626","7956","6191","5531","4156","6048","6324",
"Islas Vírgenes Británicas","VGB","Servidores de Internet seguros","IT.NET.SECR","","","","","","","","","","","","","","","","","","","","","","","","","","","","","","","","","","","","","","","","","","","","","","","","","","","17","22","76","260","442","1111","634","10516","9856","4118","22408","67945","125022","77284",
"Islas Vírgenes (EE.UU.)","VIR","Servidores de Internet seguros","IT.NET.SECR","","","","","","","","","","","","","","","","","","","","","","","","","","","","","","","","","","","","","","","","","","","","","","","","","","","30","52","68","73","67","57","90","113","92","126","69","50","64","32",
"Viet Nam","VNM","Servidores de Internet seguros","IT.NET.SECR","","","","","","","","","","","","","","","","","","","","","","","","","","","","","","","","","","","","","","","","","","","","","","","","","","","202","327","812","1286","1864","3033","26098","127584","169056","250511","302313","380561","469839","527482",
"Vanuatu","VUT","Servidores de Internet seguros","IT.NET.SECR","","","","","","","","","","","","","","","","","","","","","","","","","","","","","","","","","","","","","","","","","","","","","","","","","","","10","15","24","35","30","34","46","51","58","105","112","862","726","524",
"Mundo","WLD","Servidores de Internet seguros","IT.NET.SECR","","","","","","","","","","","","","","","","","","","","","","","","","","","","","","","","","","","","","","","","","","","","","","","","","","","","","","","","","","","46647599","76389940","89189073","101460245","116112997","12484073",
"Samoa","WSM","Servidores de Internet seguros","IT.NET.SECR","","","","","","","","","","","","","","","","","","","","","","","","","","","","","","","","","","","","","","","","","","","","","","","","","","","5","7","12","14","15","25","29","58","105","93","102","123","122","134",
"Kosovo","XKX","Servidores de Internet seguros","IT.NET.SECR","","","","","","","","","","","","","","","","","","","","","","","","","","","","","","","","","","","","","","","","","","","","","","","","","","","","","","","","","","","","","","","","",
"Yemen, Rep. del","YEM","Servidores de Internet seguros","IT.NET.SECR","","","","","","","","","","","","","","","","","","","","","","","","","","","","","","","","","","","","","","","","","","","","","","","","","","","5","7","13","24","36","37","39","94","107","129","169","323","352","274",
"Sudáfrica","ZAF","Servidores de Internet seguros","IT.NET.SECR","","","","","","","","","","","","","","","","","","","","","","","","","","","","","","","","","","","","","","","","","","","","","","","","","","","2667","4281","7539","9298","12102","15107","51575","537554","695336","840493","855339","987583","935049","934721",
"Zambia","ZMB","Servidores de Internet seguros","IT.NET.SECR","","","","","","","","","","","","","","","","","","","","","","","","","","","","","","","","","","","","","","","","","","","","","","","","","","","5","13","28","45","63","90","145","714","715","648","745","869","1004","1139",
"Zimbabwe","ZWE","Servidores de Internet seguros","IT.NET.SECR","","","","","","","","","","","","","","","","","","","","","","","","","","","","","","","","","","","","","","","","","","","","","","","","","","","6","12","47","64","108","162","194","435","673","991","1107","1199","1255","1460",
